Membrane_Rigidity,Strain
0.2704841,WT
0.2673805,WT
0.2643084,WT
0.2681543,WT
0.3011723,lpdA
0.3016365,lpdA
0.3071148,lpdA
0.3017891,lpdA
